{"loss":{"0":0.8534230316,"1":0.59305164,"2":0.5564907516,"3":0.5270846157,"4":0.5061569474,"5":0.4944917826,"6":0.4826655918,"7":0.4501567538,"8":0.4407415903,"9":0.4156612579,"10":0.381633185,"11":0.355383684,"12":0.3484148916,"13":0.3375896718,"14":0.3277168002,"15":0.3085417164,"16":0.3023121787,"17":0.2961975205,"18":0.2802882611,"19":0.2792184677,"20":0.2685826844,"21":0.2696913943,"22":0.2548190284,"23":0.2677928402,"24":0.2532683202,"25":0.2545786031,"26":0.2404160217,"27":0.2432819487,"28":0.2244047539,"29":0.2297700751,"30":0.2333072037,"31":0.2267444373,"32":0.2186136182,"33":0.2160213828,"34":0.2130848318,"35":0.2039978252,"36":0.2259995669,"37":0.2009355065,"38":0.2117106633,"39":0.2118679337,"40":0.2132088436,"41":0.202511619,"42":0.2049097966,"43":0.1989474737,"44":0.1804151063,"45":0.1984854451,"46":0.2034595525,"47":0.1989763441,"48":0.1948788134,"49":0.1868255856,"50":0.1993504933,"51":0.1900627602,"52":0.1915289937,"53":0.1953613772,"54":0.1799736594,"55":0.1798018607,"56":0.1787963348,"57":0.1789665447,"58":0.1781555516,"59":0.1747826357,"60":0.172179755,"61":0.1802483062,"62":0.1745432767,"63":0.1718019822,"64":0.1808525684,"65":0.2224586201,"66":0.1831318729,"67":0.1687896369,"68":0.1652301622,"69":0.1652675088,"70":0.2288988455,"71":0.1982046592,"72":0.164605225,"73":0.1641888132,"74":0.1692520815,"75":0.1796573489,"76":0.1743442079,"77":0.1708790326,"78":0.1691432056,"79":0.2045610819,"80":0.1796212548,"81":0.1663184953,"82":0.1499947001,"83":0.1615165894,"84":0.1667939965,"85":0.1710817588,"86":0.1544332779,"87":0.1529387132,"88":0.162153498,"89":0.177069036,"90":0.1585685915,"91":0.1538017811,"92":0.1662820132,"93":0.1454715684,"94":0.1488312153,"95":0.1519397825,"96":0.1544182921,"97":0.2074468568,"98":0.1453459613,"99":0.1514941996},"accuracy":{"0":0.6706876159,"1":0.7574028969,"2":0.7670968175,"3":0.7763231993,"4":0.7847390771,"5":0.7928433418,"6":0.7938095927,"7":0.8103921413,"8":0.8193379641,"9":0.8325852752,"10":0.8525964618,"11":0.8626644015,"12":0.8657502532,"13":0.870737493,"14":0.8770026565,"15":0.8845770359,"16":0.8852004409,"17":0.8893772364,"18":0.8954865932,"19":0.8979801536,"20":0.899569869,"21":0.8982295394,"22":0.9059908986,"23":0.8994140029,"24":0.9063649178,"25":0.9062402844,"26":0.9113209844,"27":0.9106352329,"28":0.9169628024,"29":0.9147808552,"30":0.9154666066,"31":0.9159341455,"32":0.9199239612,"33":0.9185524583,"34":0.9209525585,"35":0.924007237,"36":0.9146250486,"37":0.9273112416,"38":0.9226669073,"39":0.9237266779,"40":0.9215447903,"41":0.9259709716,"42":0.9253163934,"43":0.9255033731,"44":0.9327971935,"45":0.9271554351,"46":0.9255657196,"47":0.9276229739,"48":0.927498281,"49":0.9308335185,"50":0.926874876,"51":0.9308023453,"52":0.9294620156,"53":0.9280593395,"54":0.934605062,"55":0.9325790405,"56":0.9343245625,"57":0.9345115423,"58":0.9340751767,"59":0.9362882376,"60":0.9349479675,"61":0.9315815568,"62":0.9350726008,"63":0.9381896257,"64":0.9342622161,"65":0.9204538465,"66":0.9326725006,"67":0.938719511,"68":0.9390935898,"69":0.9395299554,"70":0.9153730869,"71":0.9287762642,"72":0.9402468801,"73":0.9407767653,"74":0.9380961061,"75":0.9335141182,"76":0.9369428158,"77":0.9367246628,"78":0.9393740892,"79":0.9255345464,"80":0.9346674085,"81":0.9400598407,"82":0.9452652335,"83":0.9389688969,"84":0.9404027462,"85":0.936350584,"86":0.9428339601,"87":0.9429898262,"88":0.9401221871,"89":0.9363194108,"90":0.94149369,"91":0.943363905,"92":0.9388442039,"93":0.9455146194,"94":0.9441119432,"95":0.9422417283,"96":0.9436444044,"97":0.9259086251,"98":0.9461691976,"99":0.9434885383},"val_loss":{"0":0.5658730227,"1":0.6011870404,"2":0.4980489535,"3":0.5225876286,"4":0.4740613394,"5":0.5136786589,"6":0.4225808089,"7":0.3810081061,"8":0.4281318411,"9":0.37141815,"10":0.3349436631,"11":0.5736180526,"12":0.3478373667,"13":0.346704065,"14":0.2864408339,"15":0.2944187568,"16":0.2892953193,"17":0.3433157668,"18":0.29012789,"19":0.2616222886,"20":0.2219523662,"21":0.241109986,"22":0.2381167542,"23":0.2389317124,"24":0.2014094613,"25":0.2331613468,"26":0.2261764588,"27":0.1993202134,"28":0.2123081893,"29":0.2400500513,"30":0.1917489131,"31":0.2126263855,"32":0.1812596627,"33":0.1795180088,"34":0.1738633958,"35":0.2252352771,"36":0.2354521361,"37":0.287958584,"38":0.1865736673,"39":0.165933428,"40":0.1622687284,"41":0.2338284273,"42":0.1913535366,"43":0.19355668,"44":0.1492659446,"45":0.1725103172,"46":0.23076043,"47":0.2232304094,"48":0.1614881038,"49":0.2196261057,"50":0.1542594662,"51":0.1698794022,"52":0.1688153362,"53":0.1558246012,"54":0.1604154284,"55":0.1953839241,"56":0.189189193,"57":0.2332765159,"58":0.1441484483,"59":0.1445711284,"60":0.1615255541,"61":0.1702764949,"62":0.2093128646,"63":0.194944176,"64":0.1622449989,"65":0.1849199012,"66":0.1565744263,"67":0.1672131725,"68":0.1356394975,"69":0.1282906021,"70":0.3017411299,"71":0.2173708536,"72":0.1575847229,"73":0.137332122,"74":0.1464269888,"75":0.2242672615,"76":0.1571167667,"77":0.1622205525,"78":0.1390006707,"79":0.1579459508,"80":0.1714733375,"81":0.1456407842,"82":0.1760658876,"83":0.1773472619,"84":0.1393814966,"85":0.1247463038,"86":0.1671515442,"87":0.1385849554,"88":0.1936010515,"89":0.1852035438,"90":0.145892504,"91":0.1543583036,"92":0.1492378334,"93":0.2129553017,"94":0.139517783,"95":0.1298326764,"96":0.1615487954,"97":0.1617152764,"98":0.1275570172,"99":0.1595102039},"val_accuracy":{"0":0.7677202225,"1":0.7584626675,"2":0.7894146442,"3":0.7839910388,"4":0.7945576906,"5":0.7818402648,"6":0.8173742294,"7":0.8497288227,"8":0.825322628,"9":0.8437441587,"10":0.8608565331,"11":0.7395735979,"12":0.885075748,"13":0.8680568337,"14":0.8953619003,"15":0.9052739739,"16":0.9019076228,"17":0.8503834009,"18":0.8979801536,"19":0.9077052474,"20":0.9234150052,"21":0.9106040597,"22":0.918645978,"23":0.9203291535,"24":0.9349167943,"25":0.9134094119,"26":0.9202356339,"27":0.9308958054,"28":0.9172433019,"29":0.9209837317,"30":0.9341686964,"31":0.9228539467,"32":0.9341686964,"33":0.9351972938,"34":0.9427716732,"35":0.915653646,"36":0.9139704704,"37":0.8942397833,"38":0.9322049618,"39":0.9419300556,"40":0.9442678094,"41":0.9082663059,"42":0.932017982,"43":0.9311763644,"44":0.9535253644,"45":0.9403403997,"46":0.9035907984,"47":0.9171497822,"48":0.9441742897,"49":0.9200486541,"50":0.9523097277,"51":0.9360389113,"52":0.9337946773,"53":0.9508135319,"54":0.9417430162,"55":0.9263138175,"56":0.9308958054,"57":0.9103235602,"58":0.9507200122,"59":0.9478211999,"60":0.94408077,"61":0.9344491959,"62":0.9247241616,"63":0.9311763644,"64":0.9375350475,"65":0.9326725006,"66":0.9453899264,"67":0.9430521727,"68":0.9544604421,"69":0.9575462937,"70":0.8927435875,"71":0.9261267781,"72":0.9449223876,"73":0.952216208,"74":0.9507200122,"75":0.9202356339,"76":0.9452964067,"77":0.9453899264,"78":0.9512810707,"79":0.9488497972,"80":0.9419300556,"81":0.9489433169,"82":0.9366934896,"83":0.9368804693,"84":0.9520291686,"85":0.9605386257,"86":0.9456704855,"87":0.9527772665,"88":0.9250981808,"89":0.936132431,"90":0.950345993,"91":0.9469796419,"92":0.9483822584,"93":0.9237890244,"94":0.950065434,"95":0.9586684108,"96":0.9407144189,"97":0.9460445046,"98":0.9578267932,"99":0.9478211999}}