{"loss":{"0":1.6157572478,"1":1.2349154101,"2":1.0777762103,"3":0.970180923,"4":0.8941299406,"5":0.8291127212,"6":0.7722851247,"7":0.7232943861,"8":0.6806059847,"9":0.6367387191,"10":0.5992098913,"11":0.5660149817,"12":0.5306810053,"13":0.5007372846,"14":0.4691311374,"15":0.448858666,"16":0.4236095001,"17":0.3949856434,"18":0.3773961185},"accuracy":{"0":0.4147599936,"1":0.5681999922,"2":0.6328999996,"3":0.6715999842,"4":0.6961600184,"5":0.7199400067,"6":0.7419000268,"7":0.7566000223,"8":0.7720199823,"9":0.7868599892,"10":0.7977600098,"11":0.8116999865,"12":0.8222200274,"13":0.8346400261,"14":0.8443400264,"15":0.8529000282,"16":0.8607599735,"17":0.8715199828,"18":0.8777599931},"val_loss":{"0":1.3654102161,"1":1.1356789865,"2":1.0993825184,"3":1.0523751583,"4":0.9674802197,"5":0.9583290781,"6":1.0584471176,"7":0.9642595192,"8":0.9449479821,"9":0.8762502771,"10":1.0140522561,"11":0.9040283059,"12":1.1420334154,"13":0.8552670907,"14":0.979128744,"15":0.9069715713,"16":0.9914640364,"17":1.4208860838,"18":1.1168371608},"val_accuracy":{"0":0.5098000169,"1":0.6083999872,"2":0.6284999847,"3":0.6369000077,"4":0.6753000021,"5":0.684400022,"6":0.641200006,"7":0.6740999818,"8":0.6966999769,"9":0.7084000111,"10":0.6683999896,"11":0.7088999748,"12":0.6552000046,"13":0.7282000184,"14":0.7128000259,"15":0.7281000018,"16":0.698300004,"17":0.6563000083,"18":0.6988000274}}