{"loss":{"0":1.4595252792,"1":1.0545613205,"2":0.8495087865,"3":0.6858281946,"4":0.5284127514,"5":0.3929733859,"6":0.2898322175,"7":0.2262724806,"8":0.174595613},"accuracy":{"0":0.4645200074,"1":0.6275200248,"2":0.7037400007,"3":0.759739995,"4":0.8163400292,"5":0.8649399877,"6":0.9000999928,"7":0.9232199788,"8":0.9405800104},"val_loss":{"0":1.3250501259,"1":1.0013503824,"2":0.9847829786,"3":0.9403188295,"4":0.9879352762,"5":1.0647467315,"6":1.1563811199,"7":1.3255931728,"8":1.4361163353},"val_accuracy":{"0":0.5450999737,"1":0.648999989,"2":0.6557999849,"3":0.6740999818,"4":0.6808999777,"5":0.6872000098,"6":0.6873000264,"7":0.6729000211,"8":0.6754000187}}