{"loss":{"0":0.0308788121,"1":0.0243448056,"2":0.0228426643,"3":0.0222928487,"4":0.0211189985,"5":0.0217975527,"6":0.020139927,"7":0.0190136656,"8":0.0194874611,"9":0.0190055352,"10":0.0181990918,"11":0.0180095173,"12":0.0175284296,"13":0.0171776488,"14":0.0169842988,"15":0.0169018358,"16":0.0163675006,"17":0.0166995469,"18":0.0160576627,"19":0.0153773008,"20":0.0153146107,"21":0.0154515496,"22":0.0155110555,"23":0.0162581373,"24":0.0147507703},"root_mean_squared_error":{"0":0.1757236868,"1":0.156028226,"2":0.1511379033,"3":0.1493078917,"4":0.1453237683,"5":0.1476399451,"6":0.141915217,"7":0.1378900558,"8":0.1395974904,"9":0.1378605664,"10":0.1349040121,"11":0.1341995448,"12":0.1323949695,"13":0.1310635358,"14":0.1303238273,"15":0.1300070584,"16":0.1279355288,"17":0.1292267293,"18":0.126718834,"19":0.1240052432,"20":0.123752214,"21":0.1243042648,"22":0.1245433912,"23":0.1275074035,"24":0.1214527488},"val_loss":{"0":0.0337080173,"1":0.0348360576,"2":0.0306859761,"3":0.0197298471,"4":0.0328538343,"5":0.0802662522,"6":0.02634749,"7":0.0357452333,"8":0.0131929973,"9":0.0288002696,"10":0.029251691,"11":0.0226152949,"12":0.0176764354,"13":0.0158567391,"14":0.0161812641,"15":0.0149606066,"16":0.0269141607,"17":0.0217496753,"18":0.014027942,"19":0.0194232594,"20":0.0230204109,"21":0.0126697775,"22":0.0150034744,"23":0.2154302746,"24":0.0152500384},"val_root_mean_squared_error":{"0":0.1835974306,"1":0.1866441965,"2":0.175174132,"3":0.1404629797,"4":0.1812562644,"5":0.2833130062,"6":0.1623190939,"7":0.1890641004,"8":0.1148607731,"9":0.1697064191,"10":0.1710312515,"11":0.1503838301,"12":0.1329527497,"13":0.1259235442,"14":0.1272055954,"15":0.1223135591,"16":0.1640553623,"17":0.1474777162,"18":0.1184396148,"19":0.1393673569,"20":0.1517247856,"21":0.1125601083,"22":0.1224886701,"23":0.4641446769,"24":0.1234910488}}