{"loss":{"0":0.7857480049,"1":0.6117153168,"2":0.5682163835,"3":0.5356163383,"4":0.5083062053,"5":0.4903234839,"6":0.4755104184,"7":0.4723615944,"8":0.461145401,"9":0.4429886043,"10":0.4479338825,"11":0.4331957698,"12":0.4333553612,"13":0.4209943116,"14":0.4299266934,"15":0.4189684093,"16":0.4049739838,"17":0.4075117409,"18":0.3930253983,"19":0.4047857225,"20":0.3950837553,"21":0.3880047798,"22":0.3842630684,"23":0.3787517548,"24":0.3674761653},"accuracy":{"0":0.7199656367,"1":0.7731488943,"2":0.7867939472,"3":0.7977833748,"4":0.8079407215,"5":0.815703094,"6":0.8207349181,"7":0.8217861652,"8":0.8259224892,"9":0.8319348693,"10":0.8296630979,"11":0.8358386159,"12":0.8363718987,"13":0.8405947089,"14":0.8372300863,"15":0.8421142697,"16":0.8465573788,"17":0.8452402353,"18":0.8508456349,"19":0.8458499312,"20":0.8509010077,"21":0.8535534739,"22":0.8549531102,"23":0.8565337658,"24":0.8609731197},"val_loss":{"0":9.2691364288,"1":4.969399929,"2":2.7165486813,"3":1.9532119036,"4":1.2357994318,"5":1.4979673624,"6":0.8345510364,"7":0.7377225161,"8":1.1935411692,"9":0.9392274022,"10":1.8354326487,"11":1.0895742178,"12":1.2459609509,"13":1.764752388,"14":2.1243624687,"15":1.1843258142,"16":2.5601963997,"17":1.0653918982,"18":1.2298833132,"19":2.3016982079,"20":1.4721213579,"21":2.0800483227,"22":0.960257113,"23":0.9789258838,"24":0.9025235176},"val_accuracy":{"0":0.4035643637,"1":0.3988220692,"2":0.2481288016,"3":0.4849477708,"4":0.5426465273,"5":0.383435905,"6":0.6928200126,"7":0.7245970964,"8":0.5477588773,"9":0.6970216036,"10":0.3642254174,"11":0.6062464714,"12":0.4723843038,"13":0.5174817443,"14":0.4450610876,"15":0.6014106274,"16":0.4807123542,"17":0.5996425152,"18":0.5372607708,"19":0.3414802849,"20":0.4158306718,"21":0.5025625825,"22":0.7099482417,"23":0.6588986516,"24":0.6307319403}}